Workbook

Sheet overview_grade
A1: Competence | B1: Weight | C1: Task1 | D1: Task2 | E1: Task3 | F1: Total Points | G1: Bonus credits
A2: =Table2[[#This Row],[Competence]] -> Data & Domain | B2: 1 | C2: =Table2[[#This Row],[Points Achieved]] -> 0 | D2: =Table22[[#This Row],[Points Achieved]] -> 0 | E2: =Table25[[#This Row],[Points Achieved]] -> 0 | G2: =SUM(Table2[[#This Row],[Bonus Credits]],Table22[[#This Row],[Bonus Credits]],Table25[[#This Row],[Bonus Credits]]) -> 0
A3: =task1!A4 -> Methodological Design | B3: 1 | C3: =task1!G4 -> 0 | D3: =task2!G4 -> 0 | E3: =task3!G4 -> 0 | G3: =SUM(task1!H4,task2!H4,task3!H4,) -> 0
A4: =task1!A6 -> Technical Implementation | B4: 1 | C4: =task1!G6 -> 0 | D4: =task2!G6 -> 0 | E4: =task3!G6 -> 0 | G4: =SUM(task1!H6,task2!H6,task3!H6) -> 0
A5: =task1!A8 -> Evaluation | B5: 1 | C5: =task1!G8 -> 0 | D5: =task2!G8 -> 0 | E5: =task3!G8 -> 0 | G5: =SUM(task1!H8,task2!H8,task3!H8) -> 0
A6: =task1!A10 -> Analytical & Communication | B6: 1 | C6: =task1!G10 -> 0 | D6: =task2!G10 -> 0 | E6: =task3!G10 -> 0 | G6: =SUM(task1!H10,task2!H10,task3!H10) -> 0
A7: Subtotal | C7: =SUM($B2*C2,$B3*C3,$B4*C4,$B5*C5,$B6*C6) -> 0 | D7: =SUM($B2*D2,$B3*D3,$B4*D4,$B5*D5,$B6*D6) -> 0 | E7: =SUM($B2*E2,$B3*E3,$B4*E4,$B5*E5,$B6*E6) -> 0 | F7: =SUM(C7:E7) -> 0 | G7: =SUM(G2:G6) -> 0
A8: Max Points | F8: =SUM(B2*3,B3*3,B4*3,B5*3,B6*3)*3 -> 45 | G8: 15
A9: Grade Written Assignment | F9: =MAX(1,MIN(6,IF(F7<=$F$8/3, 1+9*F7/$F$8, IF(F7<=2*$F$8/3, 3+3*F7/$F$8, 3+3*F7/$F$8 ) ))) -> 1 | G9: =IF($G$7<10,0,MIN($G$7,$G$8)/$G$8*0.33) -> 0 | H9: =MIN(6,F9+G9) -> 1
A10: Grade Oral Assessment | F10: =oral_assessment!H8 -> 0 | H10: =ROUND(1+5*(F10+G10)/12,1) -> 1
A11: Overall MC Grade | H11: =AVERAGE(H9:H10) -> 1

Sheet task1
A1: Competence | B1: 0 Points | C1: 1 Points | D1: 2 Points | E1: 3 Points | F1: Weight | G1: Points Achieved | H1: Bonus Credits | I1: Notes
A2: Data & Domain | D2: suits the problem | E2: specifically right data choice and I see why | F2: =overview_grade!B2 -> 1 | G2: 0 | H2: 0
A3: Selects, justifies, and appropriately uses data in alignment with the use case, demonstrating domain understanding and proper referencing of sources, including explicit reasoning about relevant signal or data characteristics. | B3: Use case and data are missing, unclear, inappropriate, or fundamentally misaligned. | C3: Use case and data are generally appropriate but weakly justified or loosely aligned. | D3: Use case and data are appropriate and generally aligned. Relevant signal or image characteristics are described and partially linked to the analytical objective, but reasoning remains general, lacks explicit connection to a specific structure or feature in the data, or is not supported by clear evidence. | E3: Relevant specific signal or image characteristics are clearly identified and supported, and explicitly linked to a specific structure in the data. It is convincingly explained why this data is appropriate for the task. May include non-generic reasoning or original insight.
A4: Methodological Design | D4: works well, but could be applied to many problems | E4: specifically right method for this problem and I see why | F4: =overview_grade!B3 -> 1 | G4: 0 | H4: 0
A5: Designs and justifies suitable methodological approaches, including the selection of models, parameters, and where appropriate integrates advanced or original methods. | B5: Methods are missing, incorrect, unsuitable, or fundamentally misunderstood. | C5: Standard methods are applied correctly, but justification is limited or generic. Weak connection between method, signal, and use case; parameters appear arbitrary or unexplained. | D5: Methods are suitable and a basic justification is provided. There is a logical link between signal characteristics, method choice, and expected outcome. However, explanations remain partly generic, and the reasoning is not fully developed or not tightly connected to the specific use case. | E5: The method is clearly linked to the signal characteristics and task requirements, with explicit reasoning of assumptions and trade-offs. It is convincingly explained why this method (and parameterization) is appropriate for this specific problem. May include own ideas or non-generic, original reasoning beyond standard approaches.
A6: Technical Implementation | D6: works, but I have to reconstruct the process | E6: clean, guided, and directly traceable | F6: =overview_grade!B4 -> 1 | G6: 0 | H6: 0
A7: Implements algorithms and methods correctly and produces technically valid results. Computational steps and intermediate results are presented clearly and in a fully traceable manner, allowing the workflow from input to output to be followed. The implementation is well-structured, focused, and based on a small number of coherent, clearly organized experiments. | B7: Implementation is incorrect, incomplete, or non-functional. Results are not usable. Core computational steps are missing or fundamentally flawed, and results cannot be traced at all. | C7: Implementation is present but unreliable or inconsistent. Results are only partially usable. Key computational steps are unclear, incomplete, or inconsistently executed, making it difficult to trace how results are produced. | D7: Implementation is correct and usable. Computational steps and intermediate results are visible and mostly traceable, but the workflow is not clearly guided; the reader must reconstruct how results are produced. Some gaps, unnecessary complexity, or too many experiments reduce clarity. | E7: Implementation is clean, well-structured, and technically sound. Computational steps are clearly organized and explicitly guided, allowing the workflow from input to output to be followed directly without interpretation. A small number of coherent, clearly prioritized configurations supports a focused and transparent solution.
A8: Evaluation | C8: I see something, but cannot really compare | D8: I can compare, but not decide clearly | E8: I clearly see what works best and why | F8: =overview_grade!B5 -> 1 | G8: 0 | H8: 0
A9: Designs and conducts meaningful, use-case-specific evaluations using appropriate metrics and visualizations to enable clear and structured comparison of results. | B9: No appropriate metric is defined or the evaluation is not usable. Results are missing, incorrect, or not related to the use case, so no meaningful comparison can be made. | C9: A metric is defined and partly implemented, but results are not clearly presented or not traceable. Missing outputs, incomplete tables or unclear presentation prevent a meaningful comparison of configurations. | D9: A suitable metric is defined and consistently applied across configurations. The metric is mentioned and generally appropriate, but the justification remains limited or generic. Results are presented and comparable to a baseline, but the evaluation remains mostly descriptive, without clear conclusions about relative performance. | E9: A well-justified metric is consistently applied and clearly linked to the use case. It is explicitly explained why this specific metric is appropriate or specifically tailored to the use case. Results are not only presented but clearly condensed into a direct, decision-ready comparison (e.g. clear ranking, best configuration, or decisive trade-off).
A10: Analytical & Communication | D10: I understand what happens | E10: I understand why it happens and when it is relevant explains why based on the underlying mechanism (method, metric, or data) | F10: =overview_grade!B6 -> 1 | G10: 0 | H10: 0
A11: Interprets and contextualizes results in relation to the use case, structures the analysis logically, and communicates findings clearly and convincingly. | B11: Results are neither described nor interpreted; lack of written communication. | C11: Results are described but interpretation remains limited, superficial, or loosely connected to the use case. Communication is minimal, unfocused, or generic. | D11: The analysis is logically structured and communicated clearly. Results are interpreted in relation to the task, but reasoning remains primarily descriptive or somewhat generic, without deeper explanation of underlying mechanisms. | E11: The analysis explains why the observed effects occur based on the underlying mechanism (method, metric, or data) and when they are relevant for the use case. Reasoning is non-generic and leads to clear conclusions about suitability. Limitations and boundary conditions are explicitly discussed.
A12: Total Points | F12: =SUM(F2,F4,F6,F8,F10) -> 5 | G12: =SUM(F2*G2,F4*G4,F6*G6,F8*G8,F10*G10) -> 0 | H12: =SUM(H2,H4,H6,H8,H10) -> 0

Sheet task2
A1: Competence | B1: 0 Points | C1: 1 Points | D1: 2 Points | E1: 3 Points | F1: Weight | G1: Points Achieved | H1: Bonus Credits | I1: Notes
A2: Data & Domain | D2: suits the problem | E2: specifically right data choice and I see why | F2: =overview_grade!B2 -> 1 | G2: 0 | H2: 0
A3: Selects, justifies, and appropriately uses data in alignment with the use case, demonstrating domain understanding and proper referencing of sources, including explicit reasoning about relevant signal or data characteristics. | B3: Use case and data are missing, unclear, inappropriate, or fundamentally misaligned. | C3: Use case and data are generally appropriate but weakly justified or loosely aligned. | D3: Use case and data are appropriate and generally aligned. Relevant signal or image characteristics are described and partially linked to the analytical objective, but reasoning remains general, lacks explicit connection to a specific structure or feature in the data, or is not supported by clear evidence. | E3: Relevant specific signal or image characteristics are clearly identified and supported, and explicitly linked to a specific structure in the data. It is convincingly explained why this data is appropriate for the task. May include non-generic reasoning or original insight.
A4: Methodological Design | D4: works well, but could be applied to many problems | E4: specifically right method for this problem and I see why | F4: =overview_grade!B3 -> 1 | G4: 0 | H4: 0
A5: Designs and justifies suitable methodological approaches, including the selection of models, parameters, and where appropriate integrates advanced or original methods. | B5: Methods are missing, incorrect, unsuitable, or fundamentally misunderstood. | C5: Standard methods are applied correctly, but justification is limited or generic. Weak connection between method, signal, and use case; parameters appear arbitrary or unexplained. | D5: Methods are suitable and a basic justification is provided. There is a logical link between signal characteristics, method choice, and expected outcome. However, explanations remain partly generic, and the reasoning is not fully developed or not tightly connected to the specific use case. | E5: The method is clearly linked to the signal characteristics and task requirements, with explicit reasoning of assumptions and trade-offs. It is convincingly explained why this method (and parameterization) is appropriate for this specific problem. May include own ideas or non-generic, original reasoning beyond standard approaches.
A6: Technical Implementation | D6: works, but I have to reconstruct the process | E6: clean, guided, and directly traceable | F6: =overview_grade!B4 -> 1 | G6: 0 | H6: 0
A7: Implements algorithms and methods correctly and produces technically valid results. Computational steps and intermediate results are presented clearly and in a fully traceable manner, allowing the workflow from input to output to be followed. The implementation is well-structured, focused, and based on a small number of coherent, clearly organized experiments. | B7: Implementation is incorrect, incomplete, or non-functional. Results are not usable. Core computational steps are missing or fundamentally flawed, and results cannot be traced at all. | C7: Implementation is present but unreliable or inconsistent. Results are only partially usable. Key computational steps are unclear, incomplete, or inconsistently executed, making it difficult to trace how results are produced. | D7: Implementation is correct and usable. Computational steps and intermediate results are visible and mostly traceable, but the workflow is not clearly guided; the reader must reconstruct how results are produced. Some gaps, unnecessary complexity, or too many experiments reduce clarity. | E7: Implementation is clean, well-structured, and technically sound. Computational steps are clearly organized and explicitly guided, allowing the workflow from input to output to be followed directly without interpretation. A small number of coherent, clearly prioritized configurations supports a focused and transparent solution.
A8: Evaluation | C8: I see something, but cannot really compare | D8: I can compare, but not decide clearly | E8: I clearly see what works best and why | F8: =overview_grade!B5 -> 1 | G8: 0 | H8: 0
A9: Designs and conducts meaningful, use-case-specific evaluations using appropriate metrics and visualizations to enable clear and structured comparison of results. | B9: No appropriate metric is defined or the evaluation is not usable. Results are missing, incorrect, or not related to the use case, so no meaningful comparison can be made. | C9: A metric is defined and partly implemented, but results are not clearly presented or not traceable. Missing outputs, incomplete tables or unclear presentation prevent a meaningful comparison of configurations. | D9: A suitable metric is defined and consistently applied across configurations. The metric is mentioned and generally appropriate, but the justification remains limited or generic. Results are presented and comparable to a baseline, but the evaluation remains mostly descriptive, without clear conclusions about relative performance. | E9: A well-justified metric is consistently applied and clearly linked to the use case. It is explicitly explained why this specific metric is appropriate or specifically tailored to the use case. Results are not only presented but clearly condensed into a direct, decision-ready comparison (e.g. clear ranking, best configuration, or decisive trade-off).
A10: Analytical & Communication | D10: I understand what happens | E10: I understand why it happens and when it is relevant explains why based on the underlying mechanism (method, metric, or data) | F10: =overview_grade!B6 -> 1 | G10: 0 | H10: 0
A11: Interprets and contextualizes results in relation to the use case, structures the analysis logically, and communicates findings clearly and convincingly. | B11: Results are neither described nor interpreted; lack of written communication. | C11: Results are described but interpretation remains limited, superficial, or loosely connected to the use case. Communication is minimal, unfocused, or generic. | D11: The analysis is logically structured and communicated clearly. Results are interpreted in relation to the task, but reasoning remains primarily descriptive or somewhat generic, without deeper explanation of underlying mechanisms. | E11: The analysis explains why the observed effects occur based on the underlying mechanism (method, metric, or data) and when they are relevant for the use case. Reasoning is non-generic and leads to clear conclusions about suitability. Limitations and boundary conditions are explicitly discussed.
A12: Total Points | F12: =SUM(F2,F4,F6,F8,F10) -> 5 | G12: =SUM(F2*G2,F4*G4,F6*G6,F8*G8,F10*G10) -> 0 | H12: =SUM(H2,H4,H6,H8,H10) -> 0

Sheet task3
A1: Competence | B1: 0 Points | C1: 1 Points | D1: 2 Points | E1: 3 Points | F1: Weight | G1: Points Achieved | H1: Bonus Credits | I1: Notes
A2: Data & Domain | D2: suits the problem | E2: specifically right data choice and I see why | F2: =overview_grade!B2 -> 1 | G2: 0 | H2: 0
A3: Selects, justifies, and appropriately uses data in alignment with the use case, demonstrating domain understanding and proper referencing of sources, including explicit reasoning about relevant signal or data characteristics. | B3: Use case and data are missing, unclear, inappropriate, or fundamentally misaligned. | C3: Use case and data are generally appropriate but weakly justified or loosely aligned. | D3: Use case and data are appropriate and generally aligned. Relevant signal or image characteristics are described and partially linked to the analytical objective, but reasoning remains general, lacks explicit connection to a specific structure or feature in the data, or is not supported by clear evidence. | E3: Relevant specific signal or image characteristics are clearly identified and supported, and explicitly linked to a specific structure in the data. It is convincingly explained why this data is appropriate for the task. May include non-generic reasoning or original insight.
A4: Methodological Design | D4: works well, but could be applied to many problems | E4: specifically right method for this problem and I see why | F4: =overview_grade!B3 -> 1 | G4: 0 | H4: 0
A5: Designs and justifies suitable methodological approaches, including the selection of models, parameters, and where appropriate integrates advanced or original methods. | B5: Methods are missing, incorrect, unsuitable, or fundamentally misunderstood. | C5: Standard methods are applied correctly, but justification is limited or generic. Weak connection between method, signal, and use case; parameters appear arbitrary or unexplained. | D5: Methods are suitable and a basic justification is provided. There is a logical link between signal characteristics, method choice, and expected outcome. However, explanations remain partly generic, and the reasoning is not fully developed or not tightly connected to the specific use case. | E5: The method is clearly linked to the signal characteristics and task requirements, with explicit reasoning of assumptions and trade-offs. It is convincingly explained why this method (and parameterization) is appropriate for this specific problem. May include own ideas or non-generic, original reasoning beyond standard approaches.
A6: Technical Implementation | D6: works, but I have to reconstruct the process | E6: clean, guided, and directly traceable | F6: =overview_grade!B4 -> 1 | G6: 0 | H6: 0
A7: Implements algorithms and methods correctly and produces technically valid results. Computational steps and intermediate results are presented clearly and in a fully traceable manner, allowing the workflow from input to output to be followed. The implementation is well-structured, focused, and based on a small number of coherent, clearly organized experiments. | B7: Implementation is incorrect, incomplete, or non-functional. Results are not usable. Core computational steps are missing or fundamentally flawed, and results cannot be traced at all. | C7: Implementation is present but unreliable or inconsistent. Results are only partially usable. Key computational steps are unclear, incomplete, or inconsistently executed, making it difficult to trace how results are produced. | D7: Implementation is correct and usable. Computational steps and intermediate results are visible and mostly traceable, but the workflow is not clearly guided; the reader must reconstruct how results are produced. Some gaps, unnecessary complexity, or too many experiments reduce clarity. | E7: Implementation is clean, well-structured, and technically sound. Computational steps are clearly organized and explicitly guided, allowing the workflow from input to output to be followed directly without interpretation. A small number of coherent, clearly prioritized configurations supports a focused and transparent solution.
A8: Evaluation | C8: I see something, but cannot really compare | D8: I can compare, but not decide clearly | E8: I clearly see what works best and why | F8: =overview_grade!B5 -> 1 | G8: 0 | H8: 0
A9: Designs and conducts meaningful, use-case-specific evaluations using appropriate metrics and visualizations to enable clear and structured comparison of results. | B9: No appropriate metric is defined or the evaluation is not usable. Results are missing, incorrect, or not related to the use case, so no meaningful comparison can be made. | C9: A metric is defined and partly implemented, but results are not clearly presented or not traceable. Missing outputs, incomplete tables or unclear presentation prevent a meaningful comparison of configurations. | D9: A suitable metric is defined and consistently applied across configurations. The metric is mentioned and generally appropriate, but the justification remains limited or generic. Results are presented and comparable to a baseline, but the evaluation remains mostly descriptive, without clear conclusions about relative performance. | E9: A well-justified metric is consistently applied and clearly linked to the use case. It is explicitly explained why this specific metric is appropriate or specifically tailored to the use case. Results are not only presented but clearly condensed into a direct, decision-ready comparison (e.g. clear ranking, best configuration, or decisive trade-off).
A10: Analytical & Communication | D10: I understand what happens | E10: I understand why it happens and when it is relevant explains why based on the underlying mechanism (method, metric, or data) | F10: =overview_grade!B6 -> 1 | G10: 0 | H10: 0
A11: Interprets and contextualizes results in relation to the use case, structures the analysis logically, and communicates findings clearly and convincingly. | B11: Results are neither described nor interpreted; lack of written communication. | C11: Results are described but interpretation remains limited, superficial, or loosely connected to the use case. Communication is minimal, unfocused, or generic. | D11: The analysis is logically structured and communicated clearly. Results are interpreted in relation to the task, but reasoning remains primarily descriptive or somewhat generic, without deeper explanation of underlying mechanisms. | E11: The analysis explains why the observed effects occur based on the underlying mechanism (method, metric, or data) and when they are relevant for the use case. Reasoning is non-generic and leads to clear conclusions about suitability. Limitations and boundary conditions are explicitly discussed.
A12: Total Points | F12: =SUM(F2,F4,F6,F8,F10) -> 5 | G12: =SUM(F2*G2,F4*G4,F6*G6,F8*G8,F10*G10) -> 0 | H12: =SUM(H2,H4,H6,H8,H10) -> 0

Sheet gbsv_interpretations-indicators
A1: Competence | B1: Interpretation | C1: Illustrative Indicators Strong Performance (Non-Exhaustive) | D1: Illustrative Indicators Weak Performance (Non-Exhaustive)
A2: Data & Domain | B2: In gbsv, this includes clearly defining a signal- or image-based problem (e.g., aliasing, periodicity detection, filtering, segmentation), selecting appropriate 1D signals or 2D images related to the chosen country, and justifying why the signal characteristics (sampling rate, frequency content, noise, object separability, contrast) are suitable for the defined use case. Focus: framing and data properties and their alignment with the task | C2: - Clear and precise problem formulation (WHAT and WHY) a well-defined analytical objective. - Explicit explanation of why the chosen signal or image is appropriate for the specific analytical objective. - Discussion of relevant signal/image characteristics (e.g., periodicity, bandwidth, resolution, noise, contrast) and how they enable or constrain the analysis. - Coherent and explicit link between use case → data selection → expected observable patterns. - Evidence that the data contains the relevant structures for the task (e.g., expected periodicity, detectable features, separable objects). - Data sources clearly referenced and appropriate for the use case | D2: - Use case or problem statement is missing, vague, or not translated into a concrete analytical objective. - Signal/image chosen without justification or based on convenience rather than suitability. - No or weak link between data properties and the intended analysis (e.g., periodicity claimed but not evident in the signal). - Relevant signal/image characteristics are listed but not interpreted. - Data does not clearly contain the structures required for the task. - Data sources missing or not appropriate for the use case.
A3: Methodological | B3: In gbsv, this includes selecting and justifying appropriate classical signal and image processing methods (e.g., sampling analysis, convolution, correlation, thresholding, morphology), choosing suitable parameters (kernel size, thresholds, structuring elements), and explaining why these methods are appropriate for the defined use case. Focus: WHAT method and WHY, and HOW it relates to the signal | C3: - Clear reasoning of why a specific method (e.g., convolution, correlation, thresholding, Hough transform) is appropriate for the defined use case. - Reasoned choice of 1-3 parameters grounded in signal/image properties (e.g., expected period, noise level, spatial scale). - Comparison of alternative approaches and explanation of trade-offs. - Explicit distinction between different methodological roles where relevant (e.g., autocorrelation vs. cross-correlation). - Explicit link between data characteristics, method choice, and expected outcome. | D3: - Method chosen without explanation or with only generic statements (“to detect patterns”). - Parameters selected arbitrarily without reasoning or without relation to the signal/image or too many parameters. - Using a method because it was shown in class, without justification. - No clear link between the analytical objective and the selected method. - Different methods mentioned but not clearly distinguished in their purpose.
A4: Technical Implementation | B4: In gbsv, this includes correctly implementing core algorithms (e.g., Nyquist rate calculation, convolution, deconvolution, correlation, segmentation steps), ensuring that results are technically valid and usable for the intended task. Intermediate steps should be clearly demonstrated, and the full computational process should be reproducible, transparent, and traceable. Focus: HOW it is implemented | C4: - Correct implementation of algorithms (e.g., convolution, correlation, segmentation pipeline) including relevant steps/parameters. - Clear presentation of intermediate results. - Transparent computational steps C3allowing the process to be followed without re-running code. - Consistent and technically sound execution. - Visualizations and intermediate results clearly demonstrate the intended effect of the implemented method. - Experimental configurations have a clear technical purpose and make the target phenomenon observable (e.g., aliasing, filtering effect, reconstruction error, segmentation behaviour). | D4: - Incorrect implementation of core operations. - Missing intermediate steps. - Black-box use of functions without explanation. - Technical errors affecting results. - Mismatch between method and signal representation leading to limited usefulness of results (without technical errors). - Experiments are implemented correctly but do not clearly demonstrate the intended technical phenomenon. - Visualizations show differences between configurations but do not make the effect of the method directly observable.
A5: Evaluation | B5: In gbsv, this includes quantitatively and visually assessing results (e.g., aliasing effects, segmentation accuracy, object counts, statistical summaries), systematically exploring parameter effects where relevant, and linking evaluation results back to the use case. Focus: Does it work? How well? Under what conditions? | C5: - Use of appropriate quantitative measures (e.g. error metrics, similarity measures, counts, domain-specific indicators) - At least one clearly defined and justified metric - Quantitative evaluation supported by visualizations where helpful - Systematic variation of key parameters or conditions where relevant - Clear link between evaluation results and the use case - Direct comparability of results across configurations or conditions - Focus on a small number of meaningful factors rather than exhaustive exploration | D5: - Only qualitative visual inspection without metrics - Metrics unrelated to the use case - Too many metrics without justification - No structured comparison across configurations or conditions - No validation or interpretation of results in relation to the task
A6: Analytical & Communication | B6: In gbsv, this includes interpreting results explicitly in relation to the defined use case, explaining their meaning and applicability to the problem statement, discussing strengths and limitations of the chosen approach, and communicating the analysis in a clear and logically structured manner, structuring the submission with a coherent narrative related to the chosen country. Focus: Meaning relative to the use case, applicability, critical reflection, and coherent structure | C6: - Clear and relevant observations (what is seen in the results). -Explicit interpretation (what these observations mean for the defined use case). - Critical discussion (strengths, limitations, and boundary conditions of the chosen approach). - Reflection on the applicability of the results to the problem statement. - Coherent narrative connecting country → use case → method → results → meaning. | D6: - Observations (what is seen) reported without interpretation. - Interpretation without linking back to the use case. - No discussion of limitations or applicability. - Descriptive reporting instead of analytical reasoning. - Weak or unclear argumentative structure.

Sheet oral_assessment
A1: Topic | B1: Main / follow-up | C1: Type | D1: Question | E1: 0 Points | F1: 1 Points | G1: 2 Points | H1: Points Achieved | I1: Notes
A2: sampling | B2: Main | E2: Incorrect or substantially unclear; does not demonstrate sufficient understanding to explain the concept, justify the approach, or reason about changed conditions. | F2: Partially correct; demonstrates basic conceptual understanding, but the explanation, justification, or transfer reasoning is incomplete, vague, or only partly correct. | G2: Correct, precise, and to the point; clearly explains the concept, justifies the chosen approach, and correctly reasons about changed conditions. | H2: 0
A3: sampling | B3: Follow-up | E3: =E2 -> Incorrect or substantially unclear; does not demonstrate sufficient understanding to explain the concept, justify the approach, or reason about changed conditions. | F3: =F2 -> Partially correct; demonstrates basic conceptual understanding, but the explanation, justification, or transfer reasoning is incomplete, vague, or only partly correct. | G3: =G2 -> Correct, precise, and to the point; clearly explains the concept, justifies the chosen approach, and correctly reasons about changed conditions. | H3: 0
A4: correlation | B4: Main | E4: =E2 -> Incorrect or substantially unclear; does not demonstrate sufficient understanding to explain the concept, justify the approach, or reason about changed conditions. | F4: =F2 -> Partially correct; demonstrates basic conceptual understanding, but the explanation, justification, or transfer reasoning is incomplete, vague, or only partly correct. | G4: =G2 -> Correct, precise, and to the point; clearly explains the concept, justifies the chosen approach, and correctly reasons about changed conditions. | H4: 0
A5: correlation | B5: Follow-up | E5: =E2 -> Incorrect or substantially unclear; does not demonstrate sufficient understanding to explain the concept, justify the approach, or reason about changed conditions. | F5: =F2 -> Partially correct; demonstrates basic conceptual understanding, but the explanation, justification, or transfer reasoning is incomplete, vague, or only partly correct. | G5: =G2 -> Correct, precise, and to the point; clearly explains the concept, justifies the chosen approach, and correctly reasons about changed conditions. | H5: 0
A6: convolution | B6: Main | E6: =E2 -> Incorrect or substantially unclear; does not demonstrate sufficient understanding to explain the concept, justify the approach, or reason about changed conditions. | F6: =F2 -> Partially correct; demonstrates basic conceptual understanding, but the explanation, justification, or transfer reasoning is incomplete, vague, or only partly correct. | G6: =G2 -> Correct, precise, and to the point; clearly explains the concept, justifies the chosen approach, and correctly reasons about changed conditions. | H6: 0
A7: convolution | B7: Follow-up | E7: =E2 -> Incorrect or substantially unclear; does not demonstrate sufficient understanding to explain the concept, justify the approach, or reason about changed conditions. | F7: =F2 -> Partially correct; demonstrates basic conceptual understanding, but the explanation, justification, or transfer reasoning is incomplete, vague, or only partly correct. | G7: =G2 -> Correct, precise, and to the point; clearly explains the concept, justifies the chosen approach, and correctly reasons about changed conditions. | H7: 0
A8: Total Points | H8: =H6+H5+H4+H3+H2+H7 -> 0
